task_id,status,score,perfect,duration_s,llm_calls,input_tokens,cached_input_tokens,output_tokens,note
bu2-001,timeout,48.0,False,3600,116,1173082,21112320,168173,
bu2-002,timeout,32.0,False,3600,54,940424,5001088,133916,
bu2-003,completed,72.0,False,2503,54,866211,5789632,135188,
bu2-004,error,40.0,False,771,56,274011,3273664,57602,
bu2-005,completed,100,True,1228,83,428660,5787136,80554,
bu2-006,completed,12.0,False,761,44,184655,1888448,37521,
bu2-007,completed,24.0,False,2265,75,587923,5795552,148267,
bu2-008,timeout,14.0,False,3600,84,484029,7473408,76338,
bu2-009,completed,100,True,2182,32,617548,4073586,172989,
bu2-010,timeout,0,False,3600,99,1915686,8012800,116080,
bu2-011,completed,86.0,False,2374,72,949259,7250624,102032,
bu2-012,error,34.0,False,1324,68,333481,4645056,51941,
bu2-013,completed,24.0,False,2322,87,887648,8849600,138773,
bu2-014,timeout,16.0,False,3600,63,1935455,6600105,159789,
bu2-015,timeout,10.0,False,3600,132,1374515,13059264,111951,
bu2-016,completed,100,True,3022,130,2224992,11571288,120105,
bu2-017,completed,100,True,1948,75,590605,6646016,90981,
bu2-018,timeout,4.0,False,3600,137,1887356,17021996,90897,
bu2-019,timeout,18.0,False,3600,132,852194,11969024,100270,
bu2-020,completed,94.0,False,500,43,219702,2164608,31676,
bu2-021,timeout,18.0,False,3600,84,1257915,8978624,97693,
bu2-022,completed,100,True,2992,121,1359871,9903360,89142,
bu2-023,completed,100,True,1009,65,711720,3614369,51839,
bu2-024,timeout,8.0,False,3600,108,2557203,8519882,79984,
bu2-025,completed,82.0,False,2914,62,701470,4763648,111057,
bu2-026,timeout,58.0,False,3600,114,1843795,9826960,74422,
bu2-027,completed,88.0,False,2246,85,792461,6533728,90522,
bu2-028,error,70.0,False,2757,98,1111952,11272128,91929,
bu2-029,completed,96.0,False,3239,83,1162431,6617683,114877,
bu2-030,timeout,17.0,False,3600,143,2231108,14737761,100178,
bu2-031,timeout,20.0,False,3600,37,133612,1877760,22539,
bu2-032,timeout,18.0,False,3600,74,1010437,6044361,97126,
bu2-033,completed,88.0,False,1140,88,967428,5504576,55849,
bu2-034,timeout,0,False,3600,111,2313777,11606922,107862,
bu2-035,completed,48.0,False,626,39,266339,2713472,47048,
bu2-036,completed,88.0,False,2603,95,1866022,9722688,127755,
bu2-037,error,44.0,False,1349,69,498500,4331328,79555,
bu2-038,completed,100,True,913,46,595057,2536263,44901,
bu2-039,timeout,0,False,3600,119,1768749,11952000,111193,
bu2-040,timeout,10.0,False,3600,101,1781848,8404985,84788,first attempt lost to a killed container or exhausted credit; re-run once
bu2-041,completed,74.0,False,983,43,259713,2908096,65051,
bu2-042,timeout,4.0,False,3600,79,1169618,9434976,114331,
bu2-043,error,8.0,False,2310,99,1049582,7241448,66022,first attempt lost to a killed container or exhausted credit; re-run once
bu2-044,timeout,5.0,False,3600,65,466214,5000512,79427,
bu2-045,timeout,92.0,False,3600,94,655972,9100864,121985,
bu2-046,completed,100,True,1765,96,1139747,6252304,62894,first attempt lost to a killed container or exhausted credit; re-run once
bu2-047,timeout,10.0,False,3600,73,1235352,7729216,92697,
bu2-048,completed,100,True,2030,57,585543,5009664,109569,
bu2-049,error,12.0,False,3281,120,1675787,10978784,91101,first attempt lost to a killed container or exhausted credit; re-run once
bu2-050,error,37.0,False,1634,56,666108,3808576,69993,
bu2-051,completed,94.0,False,3567,141,1222367,18295488,134924,
bu2-052,completed,100,True,2016,46,1096872,3019462,65155,first attempt lost to a killed container or exhausted credit; re-run once
bu2-053,completed,16.0,False,2621,85,435020,8970944,98926,
bu2-054,error,86.0,False,2490,82,864375,7934912,109699,
bu2-055,timeout,12.0,False,3600,84,1597410,11314496,125161,first attempt lost to a killed container or exhausted credit; re-run once
